0,1,2,58
3,29
4
5
6
7,26
8
9
10
11
12
13
14
15
16,17
18,20
19
21
22
23
24
25
27
28
30
31,34
32,37
33
35
36,42,55
38
39
40,71
41,52
43
44
45
46
47
48,50
49
51,68
53,67
54,57
56
59
60,73
61,64
62
63,65,74
66
69,101
70
72
75,77,84
76
78,79,80
81
82
83,88
85
86
87,97,105
89
90
91
92,106,107
93,111
94
95,119
96
98
99
100
102,113
103,125
104,130
108
109
110,135,146
112,134
114
115
116
117,147
118
120,141
121
122,155
123
124,149
126
127
128
129
131
132
133
136
137
138,140,170
139
142
143
144
145,171,179
148,160
150,152
151,157,176
153,154
156
158,174
159,191,197
161
162
163
164
165
166,269
167
168
169
172,182
173
175
177
178
180
181
183
184,213
185,187,266
186,248
188
189,250
190,215
192
193
194
195,233
196,200,293
198
199
201
202
203
204
205
206,220
207
208
209
210,279
211
212,280
214
216,219
217
218
221
222
223
224,236,331
225
226
227
228
229
230
231
232,240
234,244,337
235
237
238
239
241
242
243,245,291
246
247
249
251
252
253,403
254
255
256,258,295
257,262
259
260,268
261,282
263
264
265,274
267
270,319
271,283
272
273
275
276
277
278
281,286,363
284
285
287
288
289,290
292,318
294,301
296,366
297
298,309,371
299,354
300
302
303
304
305,340
306
307,358
308
310
311,398
312,401
313,394
314,321,404
315,325
316
317,342
320
322
323
324
326
327,436
328
329
330
332
333
334
335,339
336
338,367
341
343
344
345
346,396
347
348
349
350
351
352,380
353
355,485
356,362
357
359,387
360
361
364
365
368
369
370
372
373
374,388,443
375
376
377
378
379,395
381
382
383
384
385
386
389
390,399
391
392,424
393
397
400,408
402
405
406
407
409
410
411
412
413
414
415
416
417,452
418
419
420
421,489
422
423
425
426,453
427
428,434
429
430
431
432
433
435
437
438,464
439
440,461
441
442
444
445
446
447,486
448
449
450
451
454
455,480
456
457
458
459
460
462
463
465,473
466,488
467
468
469
470
471
472
474,478
475
476
477
479
481
482
483
484
487
490
