0,3,6,12,18,21,24,25,35,36,37,38,39,40,43,46,51,52,53,54,55,57,60,61,64,65,67,74,75,80,81,86,112,151,1065
1,2,15,19,23,26,49,58,62,68,69,70,71,89,200,221,223,338,450,485,4798
4,7,11,13,17,20,27,33,34,47,50,56,73,79,90,93,95,127,168,184,252,263,279,489,893,5100
5,9,28,29,44,45,63,77,100,101,105,111,134,302,588,711,1586,4427
8,48,66,72,82,84,106,107,119,120,121,124,125,239,270,416,464,2139
10,16,30,87,88,92,136,143,260,292,382,389,404,425,487,529,541,587,611,695,701,785,1274,1349
14,91,97,99,102,104,108,109,115,123,126,145,147,335,379,499,586,590,592,617,667,700,784,805,850,912,1067
22,78,85,96,114,129,138,152,225,329,343,397,442,535,614,622,643,660,799,841,865,890,923,940,971,1011,1049,1069,1121,1166,1187,1227,1238,1300,1344,1360,1398,1426,1444,1453,1460,1517,1577,1593,1610,1612,1698,1743,2025,2412,3093,3327,5289
31,94,117,430,572,1685,3423,4760,5263
32,103,116,118,131,132,140,142,144,148,149,155,156,159,161,162,170,171,173,175,177,180,182,183,185,187,190,194,426,616,630,1078,1273,1788
41,110,133,135,154,157,172,174,176,178,186,192,197,198,206,207,212,213,214,215,218,220,227,228,230,233,5261
42,122,128,160,164,203,237,261,619
59,76,146,179,189,191,202,211,514,1247
83,130,137,167,199,201,241,245,253,268,294
98,166,188,195,205,216,219,222,226,256,276,363,873,881,966,994,1006,1018
113,163,196,267,297,393,491
139,193,210,235,236,240,249,257,583,2813
141,204,208,232,242,685
150,243,248,251,271,277,376,561,1875
153,217,229,244,258,272,273,652,686
158,231,246,254,262,266,269,290,361,735
165,247,264,283,284,287,288,295,298,303,304,305,307,309,310,313,317,318,319,324,337,344,351,353,1032
169,255,259,274,299,502
181,278,285,286,301,755,851,929,1148,1167,1214,1286,1355,1380,1403,1470,1849
209,224,280,296,308,312,315,316,331,339,341,355,368,570,1001,1109,1258,1373
234,275,432,2622
238,281,289,332,345,348,350,352,358,369,387,405,460,697,1441,2884,3653
250,265,300,321,325,326,374,408,730,1401,1858
282,320,333,336,346,356,364,371,380,383,388,390,391,392,394,401,402,409,410,414,417,595,1963
291,311,322,354,359,372,1108,1498,1532,1671,2628
293,328,362,365,370,381,384,396,400,407,413,415,418,419,422,424,428,433,434,438,441,443,447,451,452,454,455,474,793,823,1173,4654
306,357,375,378,385,399,427,431,444,446,453,459,462,463,466,472,477,482,609,1123,1397,1484,2606,4573
314,342,377,423,429,483,1252,1278,1579,1745,2713
323,334,373,435,437,445,448,458,465,467,468,471,478,479,490,495,951
327,398,436,440,456,461,473,480,492,500,501,509,524,549,684,1710,1778,2639
330,366,475,484,787,3147
340,367,395,421,470,476,494,508,515,525,528,578,792,1823
347,386,411,412,533,556,751,1420,2395
349,481,503,513,540,937
360,449,497,505,507,511,516,522,523,526,537,539,542,545,546,548,551,552,553,555,557,564,565,568,571,577,591,593,603,691,827,2057
403,496,518,530,534,544,558,562,563,566,575,580,581,585,594,596,598,604,605,606,610,615,618,625,627,632,635,637,640,646,653,655,661,666,708
406,512,536,597
420,504,506,517,520,554,559,560,569,601,626,628,629,636,638,656,659,662,671,680,810
439,721
457,521,547,550,620,624
469,803,2090
486,510,574,589,631,649,651,664,670,681,694,714
488,519,623,634,657,663,1674
493,579,584,599,607,613,669,757,1719,1768,1820,1879,4738,5078
498,567,602,608,633,639
527,644,650,658,675,677,679,682,687,3439
531,532,647,654,689,719,724,726,749,824
538,673,678,683,690,696,710,833,1222
543,668,1047,1156,1512,1684,1794,1972
573,621,665,688,693,699,702,703,707,709,722,732,736,741,742,743,745,747,758,764,771,885,1806
576,672,713,717,739,777
582,692,704,715,727,728,734,737,756,760,762,763,765,766,768,864
600,698,705,712,718,729,769,774,779,780,788,789,804,814,815,822,828,832,836,842,858,896,908,1035
612,725,781,795,935,969
641,750,767,772
642,746,770,796,800,808,955,1839,1848,1932,1945,4430
645,773,782,790,813,817
648,720,802,2845
674,716,806,811,812,821,825,835,837,840,846,848,857,878,1895
676,801,818,847,925,2093
706,809,856,883,1066,1803,1938,1994
723,740,783,786,844,859,860,887,1033,2593
731,738,744,819,834,838,839,852,867,868
733,753,849,854,855,869,870,884,899,901,1324
748,853,871,874,932,1096,2048,2061,2077,2086,2160,2171,2337,3776
752,761,872,882,886,889,892,900,915,917,1248,1845
754,861,862,880,888,907,930,958
759,891,894,897,898,934,943,1887
775,794,863,875,909,916,919,920,928,931,939,984,2583
776,876,902,914,944,1023,1791,1957,1987,2133,2221,2954
778,910,913,946,948,952,954,959,1025,3203
791,879,941,956,968,973,974,977,980,982,988,990,991,993,995,1013,1015,1020,1026
797,807,816,904,979,1007,1038,1375,1853,2027,2047,2099,2137,2205,2869
798,905,906,922,926,947,953,962,965,972,981,3840
820,826,829,949,950,957,970,976,983,992,996,1028,1051,1053,1055,1060,1175,1229
830,903,978,3234
831,924,933,942,945,967,998,1002,1076,3615
843,895,989,1042,1044
845,961,1019,1074,2227,2234,2431
866,975,997,1050,1072,1094,1353,1621
877,960,1008,1010,1016,1021,1031,1036
911,936,987,999,1003,1005,1057,1079,1087,1091
918,963,1000,1037,1040,1045,1115,1390
921,938,985,1004,1014,1046,1075,1135,1272,2008,2418
927,1012,1043,1048,1052,1054,1063,1064,1068,1070,1077,1082,1083,1085,1088,1119,1262
964,1029,1034,1073,1081,1092,1122,1126,1186,1399
986,1030,1062,1336,2425
1009,1017,1039,1183,2608
1022,1024,1056,1061,1080,1093,1095,1099,1554,1596,2089,2483,2864
1027,1097,1104,1338
1041,1059,1071,1086,1100,1103,1105,1113,1114,1125,1129,1132,1139,1141,1144,1157,1160,1168,1216,1471
1058,1090,1118,1120,1128,1130,1137,1138,1147,1149,1161,1171,1174,1177,1178,1184,1185,1188,1189,1193,1197,1199,1207,1213,1284,1870
1084,1089,1101,1102,1110,1127,1192,2012,2262,2269,2276,2968
1098,1117,1124,1131,1134,1143,1145,1146,1154,1164,1170,1176,1180,1181,1201,1203,1210,1211,1212,1219,1223,1225,1226,1228,1231,1234,1239,1246,1266,1271,1303,1306,1339,1345,5062
1106,1133,1155,1158,1179,1196,1270,5117
1107,1112,1151,1162,1195,1200,1204,1205,1206,1217,1220,1221,1224,1230,1233,1235,1237,1241,1242,1244,1245,1249,1253,1255,1259,1368
1111,1140,1190,1198,1202,1209,1232,1250,1254,1256,1261,1350
1116,1136,1150,1159,1165,1215,1257,1260,1263,1265,1267,1279,1294,1379,2177,2219,2364,2440,2444,2491,3874
1142,1172,1251,1268,1280,1287,1428
1152,1194,1240,1291,1318,1704,5424
1153,1243,1264,1269,1275,1276,1281,1285,1289,1315,1527,2236,2604
1163,1292,1297,1407,1425,1923
1169,1236,1283,1293,1295,1299,1301,1305,1307,1310,1311,1316,1319,1330,1341,1352,1354,1468,5332
1182,1308,1312,1314,1320,1323,1334,1340,1343,1359,1367,1369,1371,1381,2454,2479,2485,2508,2566,2627,2682,2817
1191,1313,1321,1326,1328,1332,1347,1348,1357,1363,1364,1376,1377,1386,1388,1389,1391,1392,1394,1402,1404,1408,1410,1414,1415,1417,1422,1427,1431,1435,1442,1458,1462,1495
1208,1277,1290,1296,1298,1329,1333,1421,3670
1218,1304,1317,1335,1358,1361,1366,1370,1374,1384,1395,1396,1400,1412,1423,1424,1432,1437,3343
1282,1309,1356,1385,1405,1406,1433,1434,1445
1288,1362,1452,1463,1485,2495,2618,2685,2715,2744
1302,1383,1411,1413,1430,1449,1450,1456,1464,1474,1475,1477,1480,1493,1501,1503,1523,1676
1322,1382,1409,1436,1438,1443,1447,1454,1472,1473,1481,1496,1504,1869
1325,1418,1419,1459,1461,1497,1510,1529
1327,1378,1465,1466,1469,1491,1502,1505,1507,1511,1526,1546,1600,1689,2218,2553,2691,2880,3804
1331,1457,1467,1482,1488,1514,1515,1519,1521,1525,1533,1534,1535,1536,1541,1549,1552,1555,1556,1559,1562,1563,1566,1570,1571,1573,1580,1583,1584,1590,1597,1634
1337,1439,1486,1487,1494,1506,1508,1520,1531,2102,2534,2558,2617,2681,2686,2712,2977
1342,1448,1509,1513,1537,1540,1542,1557,1560,1564,1568,1574,1575,1578,1592,1599,1633,1654,2673,2750
1346,1372,1500,1528,1538,1576,1581,1587,1598,1620,1640,2111,2827,2971,3013,3081,3089
1351,1393,1524,1530,1553,1588,1595,1732,2762,2767,2862,2896,2905,3095,3246,3259
1365,1489,1544,1545,1550,1565,1663
1387,1478,1516,1607,1614,1626,1629,1643,1682
1416,1522,1548,1558,1594,1603,1605,1606,1608,1613,1616,1630,1649,2322,2700,2735
1429,1547,1551,1589,1601,1602,1615,1619,1622,1627,1632,1636,1639,1735,2900,3462
1440,1518,1642,1646,1648,1664,1709
1446,1591,1624,1628,1631,1652,1653,1655,1656,1658,1661,1665,1669,1673,1686,1688,1690,1699,1708
1451,1490,1572,1651,1659,1666,1949
1455,1585,1641,1657,1660,1667,1672,1675,1692,1696,1712,1744,1821,2490,3527
1476,1483,1625,1638,1721,2828
1479,1569,1637,1647,1650,1679,1700,1723,1948
1492,1604,1693,1705,1711,1715,1716,1722,1764,2103
1499,1677,1702,1717,1720,1725,1728,1730,1733,1740,1773,1829,2929,3023
1539,1611,1683,1687,1694,1697,1718,1724,1726,1727,1731
1543,1681,1701,1738,1760,1982
1561,1707,1746,1747,2022,2065
1567,1737,1741,1749,1751,1755,1758,1765,1770,1775,1779,1874
1582,1739,1748,1750,1756,1762,1772,1774,1783,1792,1793,1885,2861,3330
1609,1618,1742,1787,1830,1886,2437
1617,1714,1736,1753,1763,1771,1780,1790,1795,1802,1818,1825,1897
1623,1754,1796,1805,1809,1834,1836,1871
1635,1644,1766,1769,1781,1784,1797,1800,2347,2945,3135,3157,3287,3372,3453
1645,1729,1786,1814,1860,2825,2923,3138,3918
1662,1706,1752,1807,1810,1812,1816,1826,1969
1668,1761,1798,1833,1838,1846,1872,1883,1991
1670,1827,1837,1898
1678,1713,1767,1831,1832,1902,1962,2282
1680,1867,2388,2765,2844,2969,3574
1691,1782,1785,1840,1841,1850,1864,2294,3122,3955
1695,1804,1815,1847,1861,1884,3077
1703,1817,1842,1843,1844,1852,1854,1878,2044
1734,1799,1813,1856,1863,1888,1909,1915,2060,2064
1757,1822,1851,1889,1900,1903,1904,1916,1922
1759,1855,1907,1917,1970
1776,1835,1859,1880,1890,1891,1906
1777,1868,1943,2072,2256,3757
1789,1876,1877,1896,1913,1918,1927,2115
1801,1811,1873,1910,1926,1974
1808,1857,1919,1921,1930,1942,2026,2214
1819,1866,1924,1925,1954,2088
1824,1892,1908,1914,1928,1931,1936,1951,1952,1958,1961,1964,1968,1973,1976,1998,2018
1828,1862,1935,1978,3281
1865,1911,1965,1988,1999
1881,1901,1905,1939,1946,1980,1981,1985,2121
1882,1944,1947,1975,1977,1989,1992,1995,2001,2002,2003,2005,2009,2013,2014,2019,2021,2028,2031,2037,2043,2046,2053,2055,2069,2140,2306
1893,1920,1941,1953,1959,1979,1984,1986,1990,2006,2010,2011,2105
1894,1983,2000,2004,2007,2016,2023,2034,2040,2041,2042,2049,2050,2051,2052,2054,2056,2058,2067,2076
1899,1937,1996,1997,2152,2161,3194,3286,3308,3593
1912,2015,2017,2020,2024,2045,2074,2079,2080,2083,2091,2159
1929,2036,2059,2071,2075,2092,2095,2098,2104,2112,2113,2568
1933,2033,2096,2620,3137,3370,3400
1934,2141,2283
1940,2038,2062,2078,2081,2082,2087,2097,2107,2108,2109,2117,2122,2145,2385
1950,1993,2032,2073,2094,2116,2124,2125,2129,2132,2134,2136,2138,2144,2147,2148,2154,2162,2164,2166,2167,2168,2179,2181,3090,3766
1955,2101,2110,2119,2123,2126,2128,2130,2146,2155
1956,2068,2084,2100,2120,2127,2131,2143,2149,2151,2156,2157,2165,2170,2180,2184,2187,2192,2196,2211,2213,2228,2245,2252,2263
1960,2118,2142,2150,2172,2173,2174,2182,2183,2191,2194,2220,2569
1966,2178,2197,2199,2200,2202,2206,2207,2208,2209,2226,2254
1967,2035,2158,2190,2204,2215,2225,2230,2237,2238,2239,2240,2242,2243,2257
1971,2176,2186,2203,2217,2264,2288,2602
2029,2066,2222,2223,2229,2253,2259
2030,2106,2188,2231,2246,2249,2251,2278,2292,2297,2317,2381
2039,2193,2195,2216,2232,2233,2244,2247,2248,2260,2261,2270,2274,2280,2281,2285,2286,2339,3375,3965
2063,2235,2250,2258,2267,2268,2273,2290,2293,2304,2309,2314,2331,4071
2070,2255,2434,3022
2085,2175,2266,2275,2277,2279,2284,2287,2298,2310,2315,2318,2319,2320,2323,2324,2358
2114,2296,2307,2308,2321,2326,2327,2330,2333,2334,2336,2362,4402
2135,2185,2189,2241,2300,2370
2153,2265,2335,2338,2340,2341,2345,2353,2354,2365,2367,2369,2371,2372,2375,2376,2377,2378,2379,2390,2391,2393,2394,2396,2397,2398,2399,2400,2405,2415,2422,2424,2427,2451,2452,3583
2163,2272,2382,2414,3444,3480,3483,3490,3515,3524,3550
2169,2271,2295,2301,2328,2329,2343,2348,2349,2359,2383,2384,2389,2406,2409,2416
2198,2212,2311,2313,2346,2350,2368,2512
2201,2210,2312,2342,2361,2380,2386,2401,2403,2410,2411,2413,2423,2433,2438
2224,2289,2356,2357,2387,2407,2408,2419,2420,2430,2432,2436,2443,2449,2518
2291,2363,2374,2402,2435,2441,2442,2445,2447,2455,2456,2459,2462,2463,2464,2465,2468,2476,2478,2482,2492,2499,2509,2524,2528,4511
2299,2360,2404,2450,2457,2540,2638
2302,2355,2460,2469,2498
2303,2458,2466,2467,2470,2472,2473,2474,2487,2514,2657
2305,2417,2446,2477,2480,2486,2489,2493,2523,2532
2316,2332,2453,2488,2494,2497,2500,2502,2503,2505,2506,2510,2511,2516,2519,2520,2521,2527,2531,2533,2535,2537,2538,2539,2541,2543,2544,2546,2552,2587,2833
2325,2507,2525,2529,2542,2550,2554,2555,2556,2562
2344,2475,2513,2545,2548,2551,2559,2560,2561,2570,2572,2577,2579,2582,2586,2588,2590,2591,2596,2597,2600,2609,2878
2351,2461,2530,2549,2557,2565,2567,2575,2576,2671
2352,2536,2571,2612,2615,2625,2699,2764
2366,2501,2563,2564,2578,2589,2595,2599,2623,3659,4175
2373,2522,2574,2584,2601,2611,2629,2630,2632,2642,2643,2644,2647,2651,2660,2669,2812,2913
2392,2580,2594,2598,2605,2610,2621,2635,2637,2648,2667,2834,2846
2421,2624,2634,2645,2646,2655,2663,2684,3029
2426,2573,2636,2666,4103
2428,2626,2656,2665,2670,2676,2941,4683
2429,2619,2650,2661,2662,2664,2672,2704,2708,2724,2753,4468
2439,2654,2668,2678
2448,2613,2652,2653,2675,2688,2695,2703,2706,2726
2471,2674,2694,2696,2697,2705,2709,2714,2729,2732,2801
2481,2581,2689,2737,2794,3384,3595
2484,2690,2707,2710,2711,2716,2722,2723,2725,2734,2739,2745,2747,2748,2749,2751,2754,2757,2766,2771,2774,2775,2781,2786,2792,2798,2959
2496,2526,2692,2717,2731,2733,2743,2755,2758,2814,2815,4318
2504,2633,2679,2721,2728,2741,2742,2752,2759,2768,2777,2778,2784,2795,2797,2800,2805,2823,2836,2893
2515,2680,2698,2720,2730,2763,2780,2783,2787,2790,2804,2824,2957
2517,2683,2727,2760,2761,2770,2785,2791,2807,2809,2811,2820,2821,2822,2839,2863,3171
2547,2701,2746,2756,2826,2831,2867,2872,2955
2585,2776,2818,2841,2865,2935,4782
2592,2736,2803,2819,2852,2853,2858,2860,2866,2870,2871,2874,2876,2877,2879,2882,2885,2894,2899,2908,2910,3324,3383
2603,2788,2793,2816,3297,3412,3482,3529,3638,4227
2607,2842,2875,2890,2895,2980
2614,2641,2829,2922,3158
2616,2848,2889,2901,2914,3048
2631,2772,2806,2830,2883,2886,2888,2917,2950
2640,2859,2898,2903,2906,2918,2920,2946,2948
2649,2687,2779,2897,2902,2924,2928,3057
2658,2937,2938,2956,3071,3187
2659,2840,2891,2931,2972
2677,2769,2873,2887,2907,2916,2925,2930,2932,2934,2942,3050
2693,2789,2799,2854,2944,2947,2996,3196,3282,3545,3750,4475
2702,2850,2904,2933
2718,2719,2912,2926,2952,2953,2958,2960,2961,2973,2974,3025
2738,2915,2994,3345,3640
2740,2796,2855,2979,3000,3107,4598
2773,2851,2921,2927,2939,2951,2975,2993,2998,3164,3185,3665,4058
2782,2966,3413
2802,2965,2967,2970,2983,2984,3001,3002,3003,3008,3012,3015
2808,2837,2868,2943,2962,3042
2810,2936,2964,2981,2985,3359,3643,3719,3992
2832,2949,2991,3011,3014,3017,3027,3037,3136,3364,3668,3692,3734,4080,5009
2835,2982,2987,3005,3009,3016,3018,3019,3028,3030,3034,3035,3036,3046,3051,3052,3061,3063,3064,3070,3074,3075,3079,3099,3558
2838,2976,2995,2999,3007,3020,3032,3049,3054,3060,3065,3066,3082,3085,3086,3150
2843,3026,3033,3114
2847,2919,3024,3039,3040,3053,3055,3059,3062,3067,3068,3069,3072,3078,3080,3104,3111
2849,3083,3084,3087,3091,3092,3097,3098,3102,3105,3125,3365,3377,3566,3703,3775
2856,2989,3031,3043,3058,3073,3076,3109,3110,3117
2857,3021,3124
2881,3096,3106,3112,3119
2892,3041,3100,3103,3115,3129,3130,3139,3503,4773
2909,3044,3108,3116,3120,3121,3131,3145,3156,3436
2911,3101,3113,3123,3132,3133,3134,3141,3142,3143,3144,3152,3153,3160,3163,3170,3174,3175,3176,3181,3182,3184,3188,3189,3191,3192,3193
2940,3148,3167,3168,3172,3177,3178,3199,3210,3528,4824
2963,3118,3128,3149,3154,3173,3183,3198,3202,3204,3206,3212,3218,3220,3226,3264,3272
2978,3151,3166,3215,3252,3556,3761
2986,3127,3146,3190,3197,3201,3205,3208,3219,3222,3223,3227,3228,3232,3233,3239,3290,3318,3553,4405
2988,2990,3161,3179,3217,3353,5024
2992,3200,3214,3225,3229,3231,3237,3255,3277,3349,3463,3774,4601
2997,3155,3230,3235,3236,3244,3245,3247,3256,3258,3267,3269,3270,3273,3278,3279,3280,3284
3004,3169,3274,3285,3296,3301,3307,3309,3311,3830,3985
3006,3242,3250,3254,3261,3302,3310,3825
3010,3251,3262,3263,3283,3288,3298,3409
3038,3140,3207,3211,3240,3271,3292,3315,3319,3320,3322,3323,3690
3045,3299,3304,3305,3314,3325,3326,3328,3339,3557
3047,3257,3295,3313,3316,3321,3332,3340,3358,3371
3056,3303,3333,3334,3338,3342,3360,3494,3944
3088,3289,3312,3335,3350,3354,3356,3357,3362,3367,3368,3380,3382,3422,4999
3094,3291,3293,3306,3337,3341,3347,3361,3379,3389,3391,3392,3394,3398,3399,3402,3403
3126,3317,3348,3351,3369,3374,3376,3381,3386,3387,3393,3397,3407,3410,3416,3417,3418,3420,3435
3159,3355,3378,3408,3414,3415,3424,3425,3429,3430,3437,3445,3448,3449,3454,3459,3460,3468,3469,3470,3472,3476,3479,3484,3485,3486,3488,3510,3559,3931
3162,3336,3404,3406,3411,3428,3432,3441,3442,3443,3447,3452,3467,3475,3526,3603
3165,3388,3426,3438,3456,3608
3180,3331,3440,3446,3458,3464,3473,3492,3493,3498,3504,3768
3186,3300,3419,3471,3478,3481
3195,3457,3465,3487,3501,3505,3511,3514,3518,3521,3531,3532,3533,3535,3536,3937
3209,3434,3489,3495,3506,3508,3716,3935
3213,3401,3502,3512,3537,3564,3932
3216,3396,3499,3507,3516
3221,3431,3497,3500,3517,3523,3534,3573,3621,3752
3224,3248,3433,3546,3584,3704,3706,3831,3858,3964,5130
3238,3294,3450,3539,3542,3569,3722
3241,3513,3522,3540,3543,3544,3548,3549,3552,3554,3562,3563,3568,3576,3578,3581,3585,3586,3588,3592,3594,3596,3661
3243,3366,3525,3538,3555,3561,3570,3572,3579,3598,3604,3605,3694
3249,3461,3509,3560,3591,3599,3607,3609,3610,3612,3614,3617,3626,3630,3632,3633,3641,3647,3648
3253,3520,3547,3580,3582,3590,3602,3606,3622,3624,3631,3634,3650,3654,3663,3731
3260,3589,3635,3662,3664,3684,3805,3930,3952,3968,4117
3265,3390,3619,3666,3685
3266,3530,3551,3613,3627,3642,3646,3649,3657,3674,3687
3268,3455,3571,3601,3628,3637,3639,3652,3655,3667,3677,3698,3713,3715,3807
3275,3587,3625,3658,3660,3673,3675
3276,3373,3611,3669,3671,3676,3678,3680,4027,4047,4108,4164
3329,3477,3672,3679,3696,3712,3718,3771
3344,3352,3600,3686,3688,3723,4400
3346,3567,3681,3702,3726,3744,4207
3363,3623,3682,3695,3701,3705,3711,3720,3727,3729,3748,4508
3385,3618,3691,3724,3736,3745,3749,4228
3395,3405,3728,3733,3737,3740,3890
3421,3708,3710,3742,3759,5122
3427,3709,3735,3743,3751,3756,3773,3867
3451,3620,3741,3747,3772,3901
3466,3597,3629,3754,3755,3758,3762,3791,3795,4252
3474,3519,3777,3782,3796,3803,3844
3491,3699,3721,3730,3924,4461
3496,3645,3760,3764,3769,3779,3786,3787,3798,3799,3800,3802,3939,4118
3541,3683,3700,3780,3781,3783,3823,3834,3869,4109,4141,4147,4157,4162,4172,4201,4202,4210,4241,4251,4534
3565,3732,3763,3767,3778,3784,3790,3793,3794,3814,3815,3824,3838,3842,3852
3575,3797,3801,3811,3812,3813,3817,3828,3832,3833,3837,3846,3851,3855,3857,3862,3864,3871,3883,3934,3993
3577,3636,3820,3829,3841,3859,3996,4136,4386
3616,3689,3789,3816,3836,3891,4357
3644,3810,3821,3848,3854,3856,3884,3987,4705
3651,4832
3656,3835,3839,3863,3866,3872,3877,3885,3886,3893,3894,3895,3899,3936,4404
3693,3870,3878,3879,3888,3898,3900,3902,3907,3963,3975,4140,4550
3697,3806,3819,3843,3847,3849,3853,3910,4010,4830
3707,3882,3887,3896,3903,3904,3905,3940,4043
3714,3880,3908,4486
3717,3826,3876,3892,3914,3923,3925,3927,3933,3938,3941,3942,3943,3946,3951,3954,3960,3970
3725,3845,3881,3906,3917,3953,4263
3738,3865,3875,3913,3919,3921,3928,3929,3945,3947,3949,3956,4013
3739,3827,3909,3948,3957,3969,3972,3974,3976,3977,3979,3981,4006,4008,4986
3746,3920,3997
3753,3966,3971
3765,3889,3962,3978,3982,3983,3994,4012,4101,4156,4192,4212,5037
3770,3958,3980,3988,3989,3995,4002,4005,4009,4017,4018,4019,4021,4023,4025,4029,4035,4039,4041,4046,4049,4051,4057,4064,4424,4473,5300
3785,3967,3984,3991,4001,4015,4033,4052
3788,3808,3873,3959,3990,4000,4003,4011,4234
3792,4004,4020,4022,4028,4032,4037,4040,4042,4053,4059,4074,4085,4532
3809,4030,4036,4050,4060,4061,4063,4066,4068,4069,4087,4089,4093,4098,4106,4110,4114,4142,4148,4159
3818,3868,3916,3926,3961,4024,4123,4449,4479
3822,3950,4007,4016,4062,4065,4067,4073,4075,4077,4078,4091
3850,4082,4102,4128,4135
3860,4044,4081,4083,4088,4090,4096,4099,4112,4115,4116,4119,4121,4126,4131,4163,4378
3861,4072,4143,4647
3897,4095,4097,4100,4107,4113,4122,4124,4133,4137,4146,4149,4150,4152,4158,4161,4165,4167,4169,4174
3911,4079,4213,4409
3912,3999,4014,4084,4177,4780
3915,4055,4139,4171,4388
3922,3986,4094,4127,4129,4145,4153,4155,4168,4173,4178,4181,4185,4186,4188,4190,4246,4247,4411
3973,4045,4111,4134,4138,4166,4180,4182,4183,4187,4195,4196,4218,4261
3998,4125,4194,4197,4205
4026,4104,4179,4184,4200,4206,4431,4962
4031,4086,4144,4199,4214,4217,4221,4245,4253,4254,4295
4034,4208,4225,4230,4233,4293,4722
4038,4170,4209,4211,4232,4248,4255,4256,4257,4265,4277,4280,4290,4297,4300,4317,4325,4889
4048,4105,4220,4231,4237,4239,4249,4258,4259,4270,4271,4274,4276,4286,4287,4291,4323,4326,4332
4054,4222,4223,4229,4238,4242,4260,4262,4267,4272,4299,4341,4483,5131
4056,4279,4282,4292,4294,4298,4301,4302,4304,4307,4308,4310,4313,4314,4315,4320
4070,4296,4303,4305,4319,4337,4339,4343,4487
4076,4273,4289,4330,4334,4347,4349,5369
4092,4285,4322
4120,4264,4288,4321,4327,4356,4360,4370,4376,4383,4419
4130,4132,4151,4204,4268,5112
4154,4281,4283,4342,4344,4348,4350,4363,4387,4391
4160,4359,4581
4176,4278,4309,4345,4658
4189,4266,4324,4328,4352,4369,4660
4191,4219,4312,4331,4338,4340,4353,4354,4361,4392,4442,4470,4542,4599,4606,4621,4706,4725,4744
4193,4203,4336,4346,4355,4366,4367,4373,4374,4379,4380,4406,4528
4198,4316,4333,4362,4414,4426,4731
4215,4240,4335,4377,4382,4429,4777
4216,4235,4364,4365,4372,4390,4398,4407,4413,4451,4471,4544
4224,4329,4368,4432,4631,4820
4226,4381,4394,4399,4401,4412,4415,4416,4420,4422,4435,4480,4659
4236,4351,4472,4717
4243,4384,4393,4395,4396,4418,4421,4428,4447,5216
4244,4389,4403,4417,4474,4781
4250,4375,4425,4437,4440,4857
4269,4423,4438,4441,4445,4452,4453,4456,4459,4463,4464,4467,4484,4488,4490,4492,4493,4495,4496,4499,4503,4602
4275,4443,4469,4506,4521,4539,4586,4643,4678,4715,4766,4806,4814,4827,4975
4284,4408,4455,4457,4482,4851
4306,4397,4439,4454,4460,4489,4646,4800,4804,4854,4901,4936
4311,4538
4358,4494,4497,4498,4510,4512,4513,4779
4371,4436,4450,4462,4476,4477,4478,4500,4504,4505,4515,4518,4520,4527,4541
4385,4491,4543,4545,4752,4786,4811,4896,4898,4940,4979,5084,5110,5420
4410,4514,4517,4519,4530,4531,4546,4557,4789
4433,4501,4509,4551,4554,4559,4560,4562,4679
4434,4524,4548,4577,4582
4444,4516,4529,4536,4547,4552,4563,4565,4593,4680,4845,4848,5141
4446,4481,4522,4549,4570,5321
4448,4537,4540,4567,4825,4929
4458,4523,4533,4564,4566,4568,4569,4576,4578,4585,4591,4605,4893
4465,4571,4580,4583,4587,4588,4594,4685,4897,4968,5043,5120,5140,5180,5190,5224,5311
4466,4535,4558,4595,4603,4748,4812,5077,5201,5236,5274,5281,5310,5397,5422,5434,5474,5525
4485,4555,4597,4607,4615,4617,4637,4644,4650,5237
4502,4600,4616,4630
4507,4572,4575,4610,4611,4614,4618,4619,4623,4628,4629,4632,4633,4640,4642,4661,4663,4666,4815,5144,5256,5370,5522
4525,4589,4596,4604,4609,4624,4627,4638,4641,4648,4649,4655,4671,4672,4877
4526,4612,4651,4656,4664,4665,4675,4676,4684,4686,4688,4689,4691
4553,4584,4613,4625,4645,4652,4677,4723
4556,4622,4662,4668,4669,4670,4693,4697,4701,5351
4561,4634,4657,4690,4694,4700,4712,4716,4720,4742,4743,4745,4753
4574,4653,4682,4692,4695,4703,4711,4718,4719,4726,4727,4732,4733,4734,4746,4747,4757,4761,4890,4918,5494
4579,4673,4698,4749,5114,5343,5359,5386
4590,4608,4702,4713,4724,4730
4592,4667,4674,4681,4687,4704,4721,4729,4736,4737,4741,4754,4764,4768,4770,4778,4787,4952,5450
4620,4728,4735,4758,4759,4765,4772,4774,4783,4788,4791,4803,4819
4626,4696,4707,4740,4751,4769,4792,4808,4902
4635,4708,4739,4756,4763,4795,4797,4805,4828,4833
4636,4796,4862,4930
4639,4762,4793,4799,4816,4817,4831,4839,4840,4842,4844,4925,5535
4699,4807,4835,4838,4864
4709,4801,4809,4818,4821,4836,4859,4867
4710,4794,4822,4841,4847,4865
4714,4813,4823,4837,4846,4855,4860,4869,4870,4948
4750,4802,4829,4863,4866,4871,4876,4878,4884,4895,4908,4941,5419,5541
4755,4810,4853,4874,4875,4880,4882,4891,4909
4767,4868,4873,4888,4899,4900,4903,4905,4906,4910,4911,4920,4921,4923,4924,4931,4932,4935,4954
4771,4850,4913,4939,4957,5358
4775,4894,4916,4926,4944,4963
4776,4834,4849,4852,4885,4907,4927,4945,4992,5010,5161,5336
4784,4879,4886,4914,4928,4950,5076,5403
4785,4883,4904,4917,4933,4938,4942,4946,4947,4966,4967
4790,4912,4943,4949,4951,4953,4955,4958,4959,4960,4977,4980,4982,4984,4985,4988,4989,4990,4993,4998,5006,5008,5011,5012
4826,4937,4961,4965,4971,4973,4974,4983,5004,5005,5013,5016,5020,5026,5033,5342
4843,4934,4964,4972,4978,5002,5063,5128,5399
4856,4969,4976,4981,4995,4996,5014,5015,5017,5025,5035,5036,5040,5041,5057,5064,5065,5073
4858,4881,4956,4987,4991,4997,5019,5022,5023,5032,5094
4861,4922,5007,5027,5042,5049,5050,5113
4872,5031
4887,4970,5000,5030,5034,5044,5046,5052,5053,5055,5067,5068
4892,5028,5029,5047,5060,5066,5069,5158,5196,5411
4915,5038,5051,5071
4919,5001,5039,5054,5056,5059,5074,5079,5086,5089,5093,5104
4994,5003,5070,5072,5091,5095,5102,5125,5126,5129,5134,5136,5137,5143,5145,5149,5206
5018,5045,5061,5075,5081,5082,5083,5090,5096,5098,5103,5108,5118,5163,5178
5021,5058,5085,5105,5127
5048,5097,5101,5116,5124,5148,5151,5183,5197
5080,5107,5109,5115,5133,5142,5146,5154,5160,5162,5167,5171,5173,5175,5521
5087,5123,5155,5156,5165,5166,5172,5174,5176,5179,5181,5182,5187,5195,5198,5205,5232,5292
5088,5138,5139,5150,5152,5153,5157,5169,5170,5177,5188,5189,5192,5204,5210,5212,5213,5214,5221,5222,5228,5230,5231,5233,5234,5312
5092,5132,5147,5186,5193,5203,5209,5211,5240,5276
5099,5164,5185,5239
5106,5159,5202,5217,5226
5111,5121,5191
5119,5200,5207,5208,5223,5225,5244,5245,5246,5247,5260,5381
5135,5199,5220,5238,5241,5242,5251,5253,5255,5258,5262,5266,5272,5277,5283,5284,5285,5291,5293,5297,5298,5299,5302,5305,5327,5339
5168,5218,5229,5254,5270,5275
5184,5249,5252,5323,5472
5194,5257,5265,5271,5273,5278,5286,5287,5294,5295,5303,5307,5308,5320,5322,5331
5215,5227,5250,5267,5269,5280,5296,5301,5309,5325,5344,5382,5387
5219,5268,5314,5316,5317,5318,5324,5330,5345,5353,5357,5365,5372,5388,5409
5235,5282,5315,5333,5334,5338,5347,5355,5364,5366,5390,5392
5243,5264,5319,5328,5335,5337,5340,5341,5348,5349,5350,5352,5360,5375,5377,5389,5412
5248,5279,5288,5306,5346,5356,5393,5417,5464
5259,5326,5363,5367,5368,5518
5290,5361,5362,5371,5373,5374,5376,5380,5394,5396,5398,5400,5405,5407,5408,5418,5421,5427,5428,5429,5433
5304,5378,5416,5425,5432,5437,5438,5440,5445,5447,5451,5469
5313,5385,5391,5401,5406,5413,5423,5435,5436,5441,5442,5443,5449,5455,5457,5460,5465
5329,5458,5462,5463,5466,5468,5470,5471,5473,5476,5478,5480,5481,5484,5485,5487,5489,5493,5498,5499,5500,5503,5509,5512,5514,5515,5523,5524,5527,5529,5531,5533,5534,5537,5540
5354,5384,5426,5448,5452,5456,5467,5479,5482,5483,5486,5488,5492,5496,5497,5501,5517,5519
5379,5439,5454,5459,5490,5491,5516
5383,5461,5502,5504,5507,5528,5530,5536,5539
5395,5477,5495,5538
5402,5453,5510,5513,5526,5532
5404,5511,5520,5542
5410,5475
5414
5415
5430
5431
5444
5446
5505
5506
5508
