0,3,6,7,10,15,19,22,23,26,27,28,31,32,33,36,42,43,47,49,50,55,57,61,70,73,77,95,100,130,152,618
1,2,4,5,13,14,16,17,20,24,29,30,35,40,54,58,79,101,120,137,158,164,194,211,236,276,340,352,367,853,2590
8,12,39,44,46,52,53,59,66,76,87,543
9,18,48,64,102,136,169,173,185,335,337,415,425,426,442,481,487,550,601,649,668,845,954,1028,3421
11,21,34,45,51,63,69,72,75,83,85,88,90,104,105,109,151,176,219,278,516
25,67,82,89,92,97,106,111,117,124,126,141
37,41,68,74,84,94,98,103,107,112,116,121,134,142,166,241,319,462,464,490,581,667,692,702,733,758,763,1141,1308,2320,2806
38,56,62,71,81,93,108,114,115,118,123,125,127,131,132,133,138,143,146,147,163,203,699
60,65,110,122,140,144,145,149,153,154,155,159,160,161,162,167,168,170,171,177,188,201,245,551
78,113,119,128,129,172,174,181,182,184,207,223,238
80,178,179,187,189,192,196,199,221,242,290,371,706
86,191,197,202,208,212,213,214,216,235,468,476,574,1017,1227
91,96,150,165,180,186,200,206,210,513,559,634,684,687,737,760,768,778,789,794,848,871,904,927,1005,1089,1105,1492,2512,3163,4756
99,198,205,215,218,230,231,232,239,255,262,268,749
135,195,209,220,226,227,228,237,252,256,257,258,259,260,267,269,271,274,275,281,287,296,300,305,310,313,317,323,348,585,640,711,762,1178,3226
139,183,229,244,246,248,284,524,539,769,790,833,862,1280,1562,3207
148,224,225,364
156,247,249,253,261,264,270,277,279,282,286,293,295,314,322,330,349
157,250,272,273,309,315,325,338,341,343,346,350,361,362,366,369,373,374,378,380,381,386,387,408,1321,2357
175,298,302,308,312,326,347,728,793,970,972,1067,1071,1151,1163,1165,1186,1200,1436
190,251,283,289,292,306,316,318,332,334,336,339,342,2041
193,294,301,311,321,329,333,345,368,383,397,400,412,413,488,646
204,222,291,324,328,351,359,414,556
217,299,307,3809
233,320,353,354,357,376,697,861,893,982,1144,2654,3706
234,363,375,379,388,390,392,395,402,404,405,406,409,417,420,423,427,447,637
240,356,391,394,432,451,573,691
243,372,396,403,407,410,411,422,433,434,440,449,454,460,510,705
254,365,382,416,428,448,453,479,512
263,304,421,431,435,439,441,444,547,613,786
265,288,360,437,446,452,455,457,459,465,466,467,474,478,480,610,621,698
266,389,443,456,458,471,482,492,497,526,535,828,1430
280,436,491,501,528,614,724,5000
285,470,472,473,477,483,489,504,1494
297,393,419,523,538,4069
303,486,494,507,508,509,520,626,780
327,398,493,500,502,517,525,529,536,537,546,548,584,628
331,475,577,666
344,429,438,514,519,521,533,770,784,847,980,1059,1119,1226,2988,3551,5373
355,469,485,499,506,511,532,557,560,591
358,562,694
370,399,484,515,542,578,680,979
377,385,496,555,567,700,1545
384,530,563,565,568,569,571,575,587,590,603,615,620,716,751,3320
401,553,558,572,576,589,597,606,607,608,612,633,656,876
418,424,611,772,2819
430,498,627,631,676
445,541,561,582,588,592,594,596,598,605,609,622,623,632,636,642,653,655,661,669,677,682,708,1062
450,495,531,617,625,641,934,4103
461,549,554,564,630,635,639,736,5111
463,566,579,586,595,619,645,651,652,658,659,665,679,681,690,693,695,701,707,713,717,720,727,735,738,741,745,1516
503,624,650,660,664,675,696,710,757,1146,4827
505,527,583,629,644,657,672,683,729,1174,1248,1297,1368,1613
518,673,718,740,754,755,1793,4730,4948
522,545,685,688,739,744,773,779,918,1233,1268,1307,1360,1412,2182
534,671,689,719,730,731,742,746,747,748,756,764,766,767,776,777,788,795,831,1209,1249,1380,1760
540,654,704,721,722,752,753,792,1733
544,678,743,759,800,804
552,670,725,783,797,936
570,647,775,791,806,829,836,1121,1255,1422,1424,1498,1503,1566,1591,2347
580,726,799,803,805,807,809,811,817,823,834,850,855,860,1708
593,771,782,808,827,832,837,840,843,858,1272,1468,1519,2633
599,781,796,815,818,923
600,686,812,814,820,825,835,838,842,846,851,852,864,865,879,895,896,1136
602,761,822,1550,1735
604,734,821,880,906,3282
616,765,841,844,854,857,863,866,867,870,878,889,938,1310,5016
638,849,856,890,957
643,819,824,873,897,900,917,992,1303,2266
648,816,869,953,1607,4937
662,872,881,886,887,892,898,899,901,908,910,911,959
663,875,884,885,888,912,913,914,915,929,930,932,949,965,976,983,1634,2362
674,868,874,902,905,919,920,926,933,941,1031,1041,1504,1782
703,921,924,935,942,948,952,956,1125,1379,1390,1449,1456,1665,1712,1757,2658
709,883,939,947,950,962,1159,1681,1788,1795,2733
712,715,931,937,943,944,951,963,978,993,999,1012,1357,1464,1543,1595,1644,1730,1809,1826,3089
714,945,946,955,958,961,981,996,998,1008,1533,3727
723,785,967,1003,2895
732,774,940,988,997,1026,2397
750,966,968,969,984,1016,1202,1865,1906,1950,1982,2005,2034,2112,2123,2157,3311
787,985,986,990,1004,1007,1009,1014,1020
798,960,995,1006,1043,1048,1076,1589
801,1015,1035,1037,1051,1081,1083,1664
802,859,987,1001,1011,1019,1024,1034,3459
810,973,1052,1063,1817
813,1018,1022,1027,1038,1050,1053,1056,1057,1064,1068,1069,1072,1074,1077,1080,1088,1093,1124,1345,1511,1815,1890,1927,2258
826,1021,1036,1039,1049,1065,1073,1148,1592,1974,2004,2142,2216,2472
830,1023,1055,1084,1086,1087,1091,1150,1894,1984,2328
839,1029,1045,1046,1058,1066,1070,1082,1085,1090,1096,1098,2127,4174
877,1092,1094,1097,1099,1103,1104,1109,1110,1112,1118,1123,1154,1855
882,989,1106,1113,1114,1116,1120,1160,1751,2055,2986
891,964,1095,1101,1220,1881
894,1033,1047,1107,1108,1122,1147,1167,1203,1241
903,994,1078,1102,1117,1669,2231
907,1013,1042,1111,1127,1131,1139,1162,1176,1189,1411,2035,2177
909,1100,1126,1128,1129,1169
916,1060,1135,1194
922,1130,1149,1155,1156,1157,1158,1164,1170,1172,1180,1181,1182,1183,1184,1187,1188,1190,1197,1199,1201,1204,1206,1207,1212,1213,1322
925,1134,1142,1152,1161,1171,1195,1196,1205,1364,2169,2272,2287,2447,2495
928,1143,1179,1191,1208,1222,1224,1327,1476,1776,2387,2420,2442,2450,2508
971,1138,1173,1177,1219,1223,1229,1230,1234,1236,1237,1239,1342
974,1145,1153,1198,1225,1258,4404
975,991,1140,1185,1193,1210,1218,1231,1240,1251,1309,2261,2414,2448,2467,2511,2565,2606,2607,2676,2736,4030
977,1238,1243,1245,1254,1257,1262,1263,1267,1829
1000,1166,1264,1334,1853
1002,1253,1265,1269,1270,1271,1276,1279,1282,1283,1291,1304,1339
1010,1216,1217,1331,2415,2669,2741,2822,4008
1025,1030,1261,1289,1318,1937,2370,2496,3941
1032,1247,1250,1256,1329
1040,1192,1228,1278,1281,1287,1298,1300,1302,1311,1324,3092
1044,1168,1275,1277,1290,1292,1293,1323,1569,1951,2551,2585,2642,2901
1054,1215,1288,1315,1319,1343,2413
1061,1221,1295,1313,1317,1349,1767
1075,1137,1246,1306,1340,1387,1783
1079,1266,1284,1314,1332,1335,1353,1355,1499,2638,2728,2750,2752,3573
1115,1338,1385,1910,3131
1132,1273,1305,1326,1328,1341,1347,1356,1358,1359,1366,1377,2683,2786,2830,2831,2851,2866,3944
1133,1259,1350,1398,1402,1975
1175,1312,1344,1351,1354,1363,1401,1457
1211,1299,1325,1346,1403,1435,1506,2206,2769,2872,2884
1214,1274,1320,1362,1369,1373,1374,1378,1382,1388,1397,1419,3134
1232,1294,1370,1372,1394
1235,1348,1376,1384,1386,1391,1399,1405,1406,1414,1415,1420,1434,1439,1441,1469,3463
1242,1367,1383,1408,1417,1423,1455
1244,1396,1418,1428,1446,1470,1993,5324
1252,1336,1365,1395,1407,1437,1444,1458,1491
1260,1381,1416,1426,1427,1432,1433,1438,1459,1493,1956
1285,1425,1445,1489,1495,1970
1286,1352,1409,1442,1462,1467,1471,1474,1501,1729
1296,1404,1440,1453,1460,1463,1466,1472,1477,1496,1541
1301,1447,1450,1454,1461,1465,1475,1479,1487,1667
1316,1389,1400,1478,1480,1485,1500,1505,1507,3536
1330,1375,1448,1481,1482,1490,1497,1502,1509,1512,1514,1515,1518,1520,1525,1528,1531,1532,1534,1537,1548,1551,1565,1567,1571,1573,1574,1580,1585,3652
1333,1488,1510,1678,1770
1337,1486,1517,1530,1535,1538,1544,1546,1553,1554,1564,1576,1578,1583,1584,1597,1598,1599,1616,1624,1635,1638,1651,2130
1361,1484,1521,1526,1540,1542,1563,1577,1689
1371,1483,1536,1559,1572,2190
1392,1523,1690,1812,3889
1393,1524,1539,1547,1552,1556,1558,1586,1588,1594,1602,1698,1917
1410,1570,1579,1593,1596,1600,1601,1611,1615,1626,1779,1985
1413,1549,1557,1575,1603,1608,1609,1627,1647,2150
1421,1606,1614,1628,1633,1639,1643,1652,1659,1660,1683,2278
1429,1623,1629,1648,1670,2289
1431,1555,1582,1649,1655
1443,1568,1587,1618,1636,1666,1728,2913,2968
1451,1452,1604,1630,1693,3629
1473,1612,1619,1673,2180
1508,1641,1676,2599
1513,1620,1631,1637,1642,1656,1671,1677,1682,1684,1707,2054
1522,1590,1754,2341
1527,1645,1661,1668,1696,1772,2841
1529,1686,1702,1720,3045
1560,1640,1680,1785,2147
1561,1662,1675,1679,1688,1691,1700,1701,1703,1706,1709,1711,1713,1741,1747,3699
1581,1650,1653,1685,1687,1692,1694,1697,1704,1705,1710,1717,1719,1721,1722,1723,1724,1727,1734,1744,1748,1811,1834
1605,1672,1715,1716,1726,1737,1750,1756,1763,1844,2639
1610,1674,1695,1738,1740,1745,1749,1759,1764,1773,1885
1617,1699,1714,1731,1732,1761,1765,1766,1768,1774,1775,1778,1780,1781,1784,1787,1790,1794,1797,1799,1813,1839,2627
1621,1752,1769,1771,1796,1798,1801,1802,1805,1816,1819,1820,1821,1822,1825,1827,1828,1838,1842,1858,1862,1875,1882,1887,1954
1622,1718,1742,1824,2228
1625,1725,1755,1758,1791,1800,1818,3244
1632,1743,1786,1803,1836,1845,1848,1850,1854,1857,1866,1868,1871,1874,1876,1877,1878,1879,1886,1896,1900,1905,2799
1646,1753,1777,1792,1810,1814,1892,5149
1654,1789,1867,1920,3087
1657,1806,1807,1843,1847,1870,1913,4072
1658,1808,1823,1831,1833,1837,1841,1958,2151,2167,2239,2932,2983,3989
1663,1832,1846,1849,1861,1863,1873,1902,2189,2909,3015,3217
1736,1762,1864,1884,1888,1891,1897,1904,1907,1911,1912,1918,1922,1923,1924,1925,1929,1930,1931,1932,1938,1944,1963,1977,1983,3565
1739,1872,1880,1883,1893,1895,1919,1941,2279,2958,2997,3032,3090,3113,3115,3123,3278
1746,1901,1916,1921,1928,1933,1935,1939,1940,1942,1955,1959,1973,1978,1988
1804,1851,1899,1952,1960,2084,2433,3028,3083,3149,4022
1830,1979,1997
1835,1898,1908,1915,1934,1936,1961,1962,1964,1965,1967,1968,1971,1981,1994,3965
1840,1914,1943,1949,1953,1957,1989,1990,1992,1995,2007,2016,2018,2019,2024,2076,3873
1852,1947,1969,1972,1976,2001,2023,2062,2071,2093,2547,2964,3111,3162,3200,3202,3290
1856,1889,1980,2012,2014,2029,2635
1859,1948,2006,2008,2028,3172,3994,5389
1860,1946,1986,1987,1991,1996,2010,2020,2025,2026,2031,2032,2033,2043,2069,2243
1869,1999,2011,2013,2027,2040,2042,2044,2047,2050,2058,2060,2064,2068,2082,2086
1903,2003,2015,2022,2036,2046,2052,2053,2081,2104,2108,2118,2748
1909,2017,2021,2037,2045,2056,2059,2106,2156
1926,2000,2030,2038,2057,2065,2067,2070,2072,2075,2077,2083,2088,2091,2095,2099
1945,2087,2107,2109,2832
1966,1998,2063,2066,2074,2085,2090,2092,2094,2097,2100,2101,2103,2105,2113,2131,2132,2138,2168,2443
2002,2073,2098,2110,2111,2114,2115,2116,2128,2129,2140
2009,2051,2079,2096,2119,2133,2136,2139,2144,2148,2153,2159,2166,2171,2643
2039,2080,2124,2125,2137,2143,2152,2163,2179,2280,2854
2048,2122,2134,2141,2154,2161,2184,2288,2392
2049,2078,2135,2158,2170,2172,2186,3607
2061,2117,2149,2183,2188,2201,2588,3277
2089,2162,2173,2181,2187,2192,2195,2208,2210,3564
2102,2185,2191,2199,2207,2209,2211,2213,2221,2226,2463
2120,2165,2175,2176,2196,2202,2205,2215,2218,2219,2224,2227,2229,2233,2235,2237,2240,2281,3157,3238,3260,3283,3288,3317,3404,3406,4024
2121,2126,2155,2160,2197,2212,2220,2236,2241,2242,2245,2247,2248,2249,2251,2252,2253,2254,2255,2256,2262,2282,3180,3223,3403
2145,2164,2194,2203,2223,2225,2250,2257,2259,2264,2267,2268,2270,2273,2274,2301,2456,3352,3363,3437,5399
2146,2193,2198,2234,2265,2275,2277,2284,2285,2290,2294,2295,2299,2300,2305,2314,2321,2644,4638
2174,2200,2217,2222,2263,2283,2292,2293,2296,2302,2304,2307,2312,2313,2316,2324,2377,2754,3252,3305,3472,4943
2178,2238,2244,2269,2286,2306,2309,2310,2311,2323,2329,2330,2331,2333,2337,2339,2343,2953
2204,2230,2232,2315,2318,2326,2327,2335,2348,2352,2553
2214,2271,2297,2298,2325,2351,2354,2391,3441
2246,2322,2338,2349,2350,2356,2358,2360,2364,2366,2367,2368,2372,2375,2382,2384,2385,2386,2388,2389,2395,2396,2412,2663,2956,2967,3400,3560,3878
2260,2336,2340,2345,2346,2353,2355,2361,2363,2365,2369,2373,2381,2390,2394,2398,2427,2438,3144
2276,2303,2344,2359,2374,2376,2399,2402,2422
2291,2380,2393,2401,2416,2475,3412,3496,3929
2308,2692
2317,2332,2342,2403,2410,2425,2428,2444,2661
2319,2400,2404,2409,2418,2436,2437,2439,2441,2452,2455,2457,2460,2461,2468,2474,2483,2485,2486,2487,2488,2489,2493,2505,2510,2514,2517
2334,2371,2405,2407,2421,2429,2432,2434,2445,2446,2451,2458,2459,2462,2464,2465,2469,2476,2477,2480,2482,2484,2490,2494,2498,2499,2504,2513,2515,2529,2541
2378,2379,2423,2424,2426,2454,2481,2503,2509,2518,2519,2522,2523,2527,2528,2530,2532,2534,2535,2536,2539,2548,2549,2554,2557,2559,2562,2564,2570,2571,2593,2597
2383,2449,2466,2473,2516,2520,2521,4259
2406,2431,2524,2525,2533,2540,2563,2566,2578,2604,2620,2624,2628,3063
2408,2502,2537,2538,2542,2545,2550,2568,2569,2574,2579,2596,2625,4347
2411,2440,2453,2497,2543,2573,2580,2582,2584,2598,2649,2730
2417,2492,2589,2874
2419,2555,2581,2583,2591,2594,2595,2608,2634
2430,2556,2601
2435,2479,2560,2567,2572,2603,2702,2705,2725,2801,3382,3388,3414,3486,3529,3535,3585,3589,3599,3637,3683,4207
2470,2587,2600,2602,2605,2614,2626,2640
2471,2507,2610,2611,2613,2615,2618,2621,3246
2478,2552,2558,2637,2641,2651,2653,2655,2660,2664,2665,2672,2675,2699
2491,2500,2526,2575,2630,2636,2671,2719
2501,2616,2619,2623,2645,2647,2648,2652,2657,2682,2684,3895
2506,2609,2631,2646,2650,2659,2666,2667,2670,2677,2678,2685,2688,2772
2531,2544,2691,2706,2707,2708,2712,2713,2718,2723,2724,2729,2812,4402
2546,2612,2680,2681,2687,2689,2690,2694,2695,2697,2700,2701,2709,2714
2561,2662,2693,2704,2720
2576,2632,2686,2698,2703,2727,2734,2735,2846,4406
2577,2679,2721,2737,2742,2764,2905,3474,3507,3691
2586,2674,2715,2796,3194
2592,2726,2732,2738,2739,2745,2747,2751,2753,2882
2617,2710,2711,2722,2740,2744,2759,2760,2766,2767,2771,2773,2776,2778,2782,2785,2787,2788,2790,2795,2808,2825,2827,2828,2835,2867,4130
2622,2696,2749,2757,2763,2774,2775,2777,2779,2780,2784,2794,2798,2809,2811,2818,2821,2826,2829,2837,2839,2842,2849,2853,2870,2893,4294
2629,2673,2731,2761,2765,2768,2783,2793,2804,2810,2813,2814,2815,2816,2817,2850,3221
2656,2716,2746,2755,2789,2840,3971
2668,2743,2756,2792,2823,2834,2838,3649,3713,3919,3945,4004,4021,4033,4085,4088,4093,4104,4116
2717,2762,2844,2852,2858,2860,2865,3574
2758,2800,2820,2861,2862,2864,2876,2885,2886,2888,2933,4432
2770,2805,2833,2856,2890,2917,3108
2781,2836,2843,2863,2869,2880,2887,2889,2899,2916,2919,2954,4762
2791,2883,4568
2797,2802,2859,2871,2873,2877,2924,2960,3435,3663,3678,3701,3852,3917,5152
2803,2847,2857,2891,2892,2904,2907,2911,2912,2915,2918,2927,2930,2937,2941,2943,2945,3537,3785,3786,3844,3934,3974
2807,2898,2920,2929,2962,3013,5463
2824,2910,2914,2921,2923,2926,2928,2931,2934,2935,2938,2942,2944,2949,2950,2951,2952,2966,2976,4270
2845,2878,2936,2940,2957,2971,2977,2982,3292,3721,3975,4143,4586
2848,2900,2903,2922,2939,2946,2947,2955,2961,2963,2973,3369
2855,2908,2959,2965,2969,2972,4598
2868,2948,2978,2979,2981,2984,2985,2987,2989,2990,2992,2996,2998,3000,3001,3002,3005,3008,3011,3012,3014,3023,3026,3027,3031,3036,3037,3039,3042,3044,3047,3049,3052,3066,4162
2875,2894,2974,2999,3009,3017,3018,3025,3029,3033,3035,3043,3048,3050,3054,3055,3056,3064,3093,3098,3177,4491
2879,2970,2975,2991,2994,3038,3067
2881,2897,2995,3022,3030,3040,3046,3053,3057,3068,3069,3071,3075,3077,3100,3107,3383
2896,2993,3004,3007,4547
2902,3016,3051,3058,3060,3073,3074,3079,3082,3085,3091,3101,4614
2906,3120
2925,3024,3104,3142,3155,3181,3898,3961,4208,4247,4251,4253,4362,4376,4383,4390,4617
2980,3020,3021,3094,3097,3102,3124,3132
3003,3061,3062,3070,3076,3078,3080,3086,3088,3099,3103,3109,3143,3153,3199
3006,3059,3106,3114,3121,3122,3126,3137,3159,3195
3010,3065,3081,3110,3117,3119,3161,3192,3231,3242,3521
3019,3095,3105,3118,3182
3034,3041,3096,3112,3127,3129,3135,3139,3140,3141,3148,3442,4980
3072,3125,3130,3133,3138,3165,4537
3084,3136,3147,3151,3152,3156,3164,3167,3170,3174,3175,3185,3190,3193,3203,3225,3284
3116,3146,3150,3171,3178,3183,3186,3191,3197,3210,3309,3370,3860,3866,4016,4042,4301,4457,4694,4745
3128,3145,3160,3188,3208,3209,3216,3220,3237,3253,3272,3293,3312,3990,4002,4051,4462,4580,4620,4661,4698,4705,4781,4854,4990,5068,5072
3154,3173,3213,3215,3219,3224,3236,3265,4663
3158,3176,3187,3198,3235,3251,3255,4583
3166,3179,3214,3279,3313
3168,3212,3232,3234,3245,3258,3259,3262,3266,3269,3271,3274,3275,3276,3280,3286,3306,4799
3169,3240,3241,3247,3257,3261,3267,3287,3295,3318,3482
3184,3256,3294,3296,3307,3314,3445,5404
3189,3263,3264,3285,3298,3303,3316,3398,3420,4077,4097,4445,4508,4743,4997,5426
3196,3250,3323,3348,3568,3730
3201,3229,3249,3291,3302,3319,3322,3325
3204,3299,3304,3326,3332,3342,3416,3644,4344,4521,4653,5125
3205,3222,3334,3339,3340,3777
3206,3239,3321,3327,3330,3476
3211,3254,3336,3337,3343,3345,3346,3358,3362,3366,3372,3381,3393,3489,3970
3218,3347,3373
3227,3270,3331,3344,3359,3361,3371,3969
3228,3281,3300,3308,3349,3356,3357,3402,3712
3230,3354,3384,3385,3387,3390,3949
3233,3243,3289,3364,3374,3377,3378,3389,3405,3407,3410,3411,3419,3426,3450
3248,3297,3391,3418,3446,3802,4605,4609,4647,4649,4744,4752,4876,4917,4970,5086,5157
3268,3329,3360,3365,3367,3375,3380,3392,3397,3408,3409,3425,3430,4576,4683,5100,5140,5190,5191,5192,5229,5315,5443
3273,3379,3413,3422,3424,3440,3566,4018,4788,4861,5119,5135
3301,3396,3401,3423,3428,3429,3431,3444,3449,3452,3454,3456,3457,3460,3461,3466,3470,3471,3755,4179,5392,5434,5476,5503,5540
3310,3386,3427,3436,3438,3448,3451,3467,3469,3492,3495,3498,3508
3315,3353,3443,3453,3475,3478,3481,3483,3484,3487,3501,3502,3503,3504,3510,3511,3512,3513,3516,3517,3518,3523,3528,3544,3550,3553,3597,5241
3324,3351,3415,3432,3464,3488
3328,3434,3458,3468,3479,3491,3493,3499,3505,3515,3538,3541,3542,3546,3552,3556,3561,3562,3619,4622
3333,3500,3509,3715,5181,5233,5512,5531
3335,3514,3524,3558,3570,4438
3338,3433,3497,3520,3539,3557,3571,3572,3575,3576,3579,3582,3602,3605
3341,3480,3490,3522,3559,3577,4055
3350,3417,3477,3547,3549,3586,3594,3614,3622,3765,5175
3355,3439,3473,3485,3531,3545,3554,3587,3593,3600,3604,3811,5279,5407,5514
3368,3399,3530,3596,3598,3603,3609,3624,3659,4993
3376,3563,3588,3591,3601,3608,3617,3618,3641,3657,4134
3394,3532,3533,3534,3583,3595,3606,3615,3639,3708
3395,3569,3578,3621,3653,3660,3668
3447,3590,3610,3631,3687
3455,3519,3611,3625,3626,3627,3632,3634,3638,3640,3650,3658,3661,3669,3670,3726,4675
3462,3613,3628,3630,3636,3643,3646,3654,3655,3656,5425,5471
3465
3494,3616,3623,3642,3665,3686,3698,3801
3506,3647,3679,4690
3525,3592,3645,3671,3672,3674,3677,3682,3684,3685,3688,3690,3692,3697,3704,3707,3710,3716,3724,3736,3739,3751,3834
3526,3633,3662,3664,3675,3680,3693,3696,3700,3702,3711,3719,3722,3757,3820
3527,3695,3714,3731,3779
3540,3723,3735,3737,3738,3741,3745,3747,3749,3750,3752,3754,3756,3758,3760,3763
3543,3648,3709,3732,3740,3744,3762,3770,3893
3548,3666,3676,3733,3742,3743,3748,3768,3769,3773,3774,4185
3555,3667,3720,4353
3567,3728,3778,3804,3869,5447
3580,3746,3753,3761,3771,3781,3793,3861
3581,3759,3766,3772,3782,3788,3790,3791,3795,3796,3807,3812,3814,3818,3822,3823,3824,3825,3826,3845,3846,3865
3584,3775,4026,4820
3612,3705,3780,3784,3787,3798,3800,3803,3856
3620,3783,3792,3794,3799,3805,3808,3815,3817,3850,3868,4175
3635,3703,3789,3797,3819,3827,3831,3837,3851,3892
3651,3816,3830,3833,3836,3839,3849,3854,3855,3863,3864,3901,3914,4702
3673,3717,3828,3877,3885,3907,3923
3681,3853,3857,3874,4336
3689,3718,3841,3882,3972
3694,3840,3859,3879,3881,3884,5078
3725,3776,3867,3886,3894,3908
3729,3832,3876,3880,3883,3896,3903,3905,3909,3911,3912,3916,3921
3734,3835,3847,3862,3890,3899,3902,3918,3924,3926,3946,5099
3764,3900,4138
3767,3891,3915,3925,3928,3935,3937,3948,3951,3953,3957,3959,3967,3999,4036,4945
3806,4776
3810,3829,3838,3932,3933,3936,3939,3940,3956,3962,3964,3976,4467
3813,3927,3930,3950,4000,4001,4005,4982
3821,3872,3954,4011
3842,3910,3920,3922,3943,3952,3958
3843,3875,3963,3981,3984,3997,4006
3848,3966,3973,3998,4007,4012,4023,4196,4978,5045
3858,3906,3978,4019,4028,4048
3870,3968,3977,3983,3986,4003,4020,4771
3871,3931,3938,3947,3987,4014,4025,4027,4032,4063
3887,3960,3985,3991,3996
3888,4035,4043,4060,4068,5379
3897,3955,3980,3982,4015,4031,4034,4039,4041,4044,4046,4047,4050,4058,4062,4070,4073,4079,4083,4092,4094,4105,5155
3904,4038,4040,4045,4049,4054,4056,4059,4064,5288
3913,4065,4066,4074,4076,4080,4081,4082,4086,4087,4091,4095,4106,4107,4109,4113,4115,4120,4121,4123,4124,4129,4133
3942,4052,4098,4102,4127,4157
3979,4071,4078,4096,4119,4141,4180
3988,4037,4075,4084,4089,4099,4111,4145,4158
3992,4053,4159,4381
3993,4100,4118,4164,4165,4210,5294
3995,4108,4110,4112,4136,4278,5270
4009,4067,4122,4126,4128,4132,4139,4140,4142,4146,4148,4151,4152
4010,4114,4131,4135,4137,4150,4154,4155,4160,4163,4166,4169,4172,4176,4177,4178,4181,4182,4183,4186,4188,4189,4191,4193,4194,4195,4200,4212,4215,4218,4230,4348
4013,4144,4147,4184,4190,4192,4199
4017,4153,4167,4202,4217,4220,4222,4227,4229,4240
4029,4171,4173,4187,4197,4201,4204,4219,4223,4224,4233,4234,4235,4242,4245,4248,4249,4252,4254,4255,4257,4268,4387,4510
4057,4203,4206,4211,4214,4221,4237,4239,4241,4244,4258,4262,4273,4274,4275,4279,4283,4284,4287,4290,4291,4293,4302,4304,4311,4312,4337,4567
4061,4170,4205,4209,4213,4228,4236,4243,4246,4269,4272,4315,4316
4090,4198,4261,4263,4265,4289,4676,5234
4101,4226,4264,4267,4277,4281,4282,4285,4292,4295,4297,4298,4299,4305,4309,4318,4322,4602
4117,4266,4271,4323,4416
4125,4232,4306,4308,4320,4325,4327,4330,4332,4345,4370,4420
4149,4329,4331,4333,4341,4346,4349,4352,4360,4368,4382,4484
4156,4250,4300,4319,4365,4751
4161,4296,4303,4324,4335,4342,4343,4350,4354,4363,5165
4168,4286,4317,4321,4334,4340,4351,4364,4371,4388,4395
4216,4328,4338,4361,4372,4386,4391,4393,4396,4401,4407,4410,4411,4412,4415,4418,4424
4225,4280,4355,4359,4369,4385,4389,4394,4397,4398,4413,4417,4422,4677,4697
4231,4307,4374,4375,4403,4405,4425,4427,4487
4238,4356,4377,4400,4428,4429,4433,4434,4437,4440,4443,4447,4448,4449,4450,4451,4453
4256,4399,4409,4430,4435,4436,4439,4442,4452,4454,4464,4465,4470,4471,4472,4473,4503,4516,4517,4536,4542,4545
4260,4367,4481,4553,5337
4276,4310,4455,4456,4459,4461,4474,4477,4478,4482,4485,4486,4500,4607
4288,4392,4419,4423,4441,4458,4466,4475,4492
4313,4421,4446,4488,4495,4499,4506,4513,4514,4522,4530,5513
4314,4480,4577
4326,4339
4357,4408,4493,4494,4737
4358,4502,4526,4696
4366,4483,4489,4528
4373,4463,4497,4505,4715
4378,4460,4501,4519,4523,4527,4531,4533,4534,4840
4379,4431,4504,4507,4509,4512,4538,4539,4541,4662
4380,4511,4548,4551,4558,4833
4384,4414,4496,4520,4540,4543
4426,4479,4564,4569,4572,4867
4444,4529,4559,4560,4571
4468,4552,4565,4573,4579,4581,4587,4589,4593,4597,4606,4608,4610,4612,4613,4616,4625,4718
4469,4532,4556,4561,4563,4574,4582,4588,4596,4859
4476,4546,4570,4591,4595,4615,4626,5330
4490,4566,4592,4594,4600,4601,4603,4619,4632,4633,4654
4498,4555,4585,4590,4599,4604,4627,4629,4630,4634,4639,4641,4642,4650,4651,4652,4668,4671,4674,4679
4515,4575,4584,4611,4621,4636,4637,4640,4648,4655,4657,4658,4666,4669,4670,4678,4681,4684,4686,4688,4692,4701,4706,4712,4720,4722,4724,4727,4733,4838
4518,4623,4672,4689,4693,4713,4714,4716,4728,4734,4736,4891
4524,4631,4664,4673,4680,4682,4691,4699,4721,4723,4729,4732,4739,4747,4750,4753,4761,4763,4769,4770,4774
4525,4685,4708,4717,4726,4742,4746,4764,4765,5487
4535,4646,4656,4695,4710,4725,4731,4735,4740,4741,4748,4780,4786,4800,4815,5527
4544,4755,4758,4778,4783,4787,4959
4549,4749,4754,4767,4768,4773,4777,4785,4807
4550,4659,4759,4772,4775,4784,4792,4797,4802,4803,4812,4817,4906
4554,4665,4790,4794,4795,4796,4835,4998
4557,4782,4789,4805,5049
4562,4818,4823,4951
4578,4644,4707,4791,4793,4808,4872
4618,4804,4813,4826,4832,4834,4839,4844,4847,4852,4853,4868,4880
4624,4709,4828,4829
4628,4816,4824,4837,4846,4848,4860,4921
4635,4809,4814,4819,4830,4836,4849,4864,4871,4875,4877,4878,4879,4881,4885,4893,4977
4643,4760,4845,4850,4862,4882,4883,4887,4894,4896,4897,4901,4902,4911,4914
4645,4801,4811,4841,4842,4890,4903,4904,4907,4910,4912,4916,4918,4919,4923,4924,4925,4927,4946
4660,4857,4869,4899,4909,4922,4929,4941,4942,5101
4667,4700,4858,4886,4905,4928,5018
4687,4865,4898,4913,4932,4935,4944,4950,4954,4957,4958,4962,5058
4703,4888,4938,4955,4985,5019,5054
4704,4908,4934,5066
4711,4806,4920,4947,5104
4719,4822,4900,4939,4949,4956,5034,5087
4738,4892,4953,4965,4989
4757,4863,4960,4967,4976,4983,4984,5005,5094
4766,4961,4972,4975,4981,4987,5001,5004,5089
4779,4930,4979,4988,5015,5032
4798,4915,4964,4986,4995,5003,5007,5010,5017,5022,5040,5041,5047,5274
4810,4933,4966,4968,4994,4999,5011,5026,5051,5070
4821,4870,5006,5031,5062
4825,4969,5021,5228
4831,4926,4991,5020,5023,5024,5027,5050,5368
4843,5002,5008,5029,5038,5039,5074,5077,5082
4851,4873,5014,5035,5042,5046,5052,5069,5090,5092,5117
4855,4889,5012,5043,5044,5059,5065,5113,5128,5260
4856,4940,5053,5067,5084,5091,5115
4866,4931,5028,5057,5080,5093,5098,5107,5213
4874,5033,5071,5079,5123,5180
4884,4974,4992,5055,5075,5126,5130,5225
4895,5037,5061,5083,5131,5232
4936,5064,5088,5103,5105,5137,5252
4952,5036,5095,5096,5097,5122,5129,5144,5520
4963,5114,5148,5156
4971,5063,5108,5116,5121,5141,5151
4973,5048,5102,5109,5124,5161
4996,5133,5185,5218
5009,5056,5110,5138,5282
5013,5081,5127,5132,5134,5136,5142,5143,5146,5154,5261
5025,5139,5145,5158,5159,5167,5283
5030,5106,5153,5162,5169,5176,5182,5186,5360
5060,5147,5163,5170,5173,5179,5184,5197,5290
5073,5076,5208,5221
5085,5160,5164,5183,5188,5193,5198,5216,5227
5112,5172,5189,5194,5195,5235
5118,5171,5177,5201,5202,5204,5206,5210,5211,5215,5217,5350
5120,5168,5199,5219
5150,5187,5203,5214,5220,5236,5237,5238,5239,5374
5166,5207,5212,5226,5230,5231,5248,5251,5258,5263,5265,5268,5272,5276,5277,5278,5285,5298,5341
5174,5250,5254,5256,5281,5297
5178,5196,5243,5246,5259,5262,5264,5267,5302,5304,5310,5313,5333,5339
5200,5223,5286,5287,5307,5316
5205,5209,5269,5284,5289,5308,5318
5222,5247,5292,5299,5317,5319,5335,5336,5355
5224,5266,5300,5301,5338,5423
5240,5280,5296,5326,5332,5353,5384
5242,5253,5314,5320,5323,5327,5331,5342,5344,5346,5352,5440,5505
5244,5245,5340,5345,5349,5421
5249,5325,5328,5334,5347,5354,5358,5369,5466
5255,5309,5356,5410
5257,5312,5322,5364,5366,5370,5371,5376,5430
5271,5275,5303,5362,5372,5381,5387,5390,5400
5273,5351,5377,5378,5388,5391,5393,5402,5405,5406,5411,5413,5416,5417,5418,5427,5438,5444,5446,5448,5460
5291,5363,5367,5403,5525
5293,5386,5396,5409,5419,5428,5431,5445,5509
5295,5383,5414,5415,5436,5467
5305,5357,5395,5397,5422,5437,5439,5458,5470
5306,5382,5398,5432,5433,5449,5451,5454,5459,5474,5486
5311,5408,5424,5435,5462,5464,5469,5475,5480,5511,5530,5533
5321,5329,5452,5472,5482,5489,5491,5493,5495,5496,5497,5510,5526
5343,5394,5468,5479,5483,5484,5502,5519,5534
5348,5420,5477,5492,5499,5504,5506,5507
5359,5441,5461,5478,5481,5501,5515,5529
5361,5375,5508,5517,5523,5524,5528,5532,5535,5536
5365,5518,5522,5541
5380,5457,5465,5490,5500,5516,5542
5385,5442,5488,5537
5401
5412,5450,5494
5429,5485,5538
5453,5498
5455
5456
5473
5521
5539
